<?xml version="1.0" encoding="utf-8" ?>
<!DOCTYPE struts PUBLIC
    "-//Apache Software Foundation//DTD Struts Configuration 2.0//EN"
    "http://struts.apache.org/dtds/struts-2.0.dtd">

<struts>
	<constant name="struts.objectFactory" value="spring"></constant>
	<constant name="struts.i18n.encoding" value="UTF-8"></constant>
	
	<constant name="struts.action.extension" value="action"/>
	
	<package name="index" namespace="/" extends="struts-default">
	 
	 
	 
		<action name="managemethod" class="manageAction">
			<result type="dispatcher">${url}</result>
			<result name="redirect" type="redirect">${url}</result>
		</action>
		
		
		
		
        
    </package>


	

</struts>